CC_CALL_CENTER_SK,CC_CALL_CENTER_ID,CC_REC_START_DATE,CC_REC_END_DATE,CC_CLOSED_DATE_SK,CC_OPEN_DATE_SK,CC_NAME,CC_CLASS,CC_EMPLOYEES,CC_SQ_FT,CC_HOURS,CC_MANAGER,CC_MKT_ID,CC_MKT_CLASS,CC_MKT_DESC,CC_MARKET_MANAGER,CC_DIVISION,CC_DIVISION_NAME,CC_COMPANY,CC_COMPANY_NAME,CC_STREET_NUMBER,CC_STREET_NAME,CC_STREET_TYPE,CC_SUITE_NUMBER,CC_CITY,CC_COUNTY,CC_STATE,CC_ZIP,CC_COUNTRY,CC_GMT_OFFSET,CC_TAX_PERCENTAGE
1,AAAAAAAABAAAAAAA,1998-01-01,,,2450952,NY Metro,large,597159671,481436415,8AM-4PM,Bob Belcher,6,More than other authori,Shared others could not count fully dollars. New members ca,Julius Tran,3,pri,6,cally,730,Ash Hill,Boulevard,Suite 0,Georgetown,Harmon County,OK,77057,United States,-6.00,0.11
2,AAAAAAAACAAAAAAA,1998-01-01,2000-12-31,,2450806,Mid Atlantic,medium,944879074,682004404,8AM-8AM,Felipe Perkins,2,A bit narrow forms matter animals. Consist,"Largely blank years put substantially deaf, new others. Question",Julius Durham,5,anti,1,ought,984,Center Hill,Way,Suite 70,Friendship,Raleigh County,WV,24536,United States,-5.00,0.12
3,AAAAAAAACAAAAAAA,2001-01-01,,,2450806,Mid Atlantic,medium,944879074,-1813347006,8AM-4PM,Mark Hightower,2,Wrong troops shall work sometimes in a opti,"Largely blank years put substantially deaf, new others. Question",Julius Durham,1,ought,2,able,984,Center Hill,Way,Suite 70,Friendship,Raleigh County,WV,24536,United States,-5.00,0.01
4,AAAAAAAAEAAAAAAA,1998-01-01,2000-01-01,,2451063,North Midwest,medium,698330137,-2050274463,8AM-4PM,Larry Mccray,2,"Dealers make most historical, direct students","Rich groups catch longer other fears; future,",Matthew Clifton,4,ese,3,pri,463,Pine Ridge,RD,Suite U,Spring Valley,Saginaw County,MI,46060,United States,-5.00,0.05
5,AAAAAAAAEAAAAAAA,2000-01-02,2001-12-31,,2451063,North Midwest,small,836464898,-1675101422,8AM-8AM,Larry Mccray,2,"Dealers make most historical, direct students","Blue, due beds come. Politicians would not make far thoughts. Specifically new horses partic",Gary Colburn,4,ese,3,pri,463,Pine Ridge,RD,Suite U,Spring Valley,Saginaw County,MI,46060,United States,-5.00,0.12
6,AAAAAAAAEAAAAAAA,2002-01-01,,,2451063,North Midwest,medium,1037570618,1169407420,8AM-4PM,Larry Mccray,5,Silly particles could pro,"Blue, due beds come. Politicians would not make far thoughts. Specifically new horses partic",Gary Colburn,5,anti,3,pri,463,Pine Ridge,RD,Suite U,Spring Valley,Saginaw County,MI,46060,United States,-5.00,0.11
7,AAAAAAAAHAAAAAAA,1998-01-01,,,2451024,Pacific Northwest,small,882146280,-458616312,8AM-4PM,Alden Snyder,6,"Major, formal states can suppor","Reduced, subsequent bases could not lik",Frederick Weaver,5,anti,4,ese,415,Jefferson Tenth,Court,Suite 180,Oak Hill,Hubbard County,MN,57838,United States,-6.00,0.00
8,AAAAAAAAIAAAAAAA,1998-01-01,2000-12-31,,2450808,California,small,5412266,-1502238040,8AM-12AM,Wayne Ray,6,Here possible notions arrive only. Ar,"Common, free creditors should exper",Daniel Weller,5,anti,2,able,550,Cedar Elm,Ct.,Suite I,Five Points,West Feliciana Parish,LA,76098,United States,-6.00,0.06
9,AAAAAAAAIAAAAAAA,2001-01-01,,,2450808,California,medium,769624682,-1502238040,8AM-12AM,Wayne Ray,6,Here possible notions arrive only. Ar,Too good moves can go just frequently new bodies; minor representatives g,Evan Saldana,2,able,2,able,550,Cedar Elm,Ct.,Suite I,Five Points,West Feliciana Parish,LA,76098,United States,-6.00,0.11
10,AAAAAAAAKAAAAAAA,1998-01-01,2000-01-01,,2451050,Hawaii/Alaska,large,788007687,-266990080,8AM-8AM,Gregory Altman,2,Just back responses ought ,As existing eyebrows miss as the matters. Realistic stories may not face almost by a ,James Mcdonald,3,pri,3,pri,457,1st ,Boulevard,Suite B,Buena Vista,Huron County,MI,45752,United States,-5.00,0.02
11,AAAAAAAAKAAAAAAA,2000-01-02,2001-12-31,,2451050,Hawaii/Alaska,small,788007687,-266990080,8AM-4PM,Gregory Altman,2,Citizens change. Paintings translate,As existing eyebrows miss as the matters. Realistic stories may not face almost by a ,James Mcdonald,6,pri,3,pri,457,1st ,Boulevard,Suite B,Buena Vista,Huron County,MI,45752,United States,-5.00,0.01
12,AAAAAAAAKAAAAAAA,2002-01-01,,,2451050,Hawaii/Alaska,large,120805979,-1754834121,8AM-4PM,Ronnie Trinidad,3,Citizens change. Paintings translate,"Pretty new degrees could open perhaps personal final poles; marine, annual minutes imply reco",Mark Camp,5,anti,3,pri,457,1st ,Boulevard,Suite B,Buena Vista,Huron County,MI,45752,United States,-5.00,0.06
13,AAAAAAAANAAAAAAA,1998-01-01,,,2451146,NY Metro_1,small,1014025832,869381144,8AM-4PM,Jack Little,5,Causes write. Net tea,"Young tests could buy comfortable, local users; o",Frank Schwartz,3,pri,6,cally,960,First Hill,Street,Suite 440,Friendship,Bronx County,NY,14536,United States,-5.00,0.05
14,AAAAAAAAOAAAAAAA,1998-01-01,2000-12-31,,2451079,Mid Atlantic_1,large,301919026,479010814,8AM-8AM,Clyde Scott,5,"National, willing constraints s",Eyes would not arise; terms shall not visit in the cells. Less ethnic cities commi,Ronald Somerville,6,cally,1,ought,406,Main ,Avenue,Suite 410,Highland,Gage County,NE,69454,United States,-6.00,0.08
15,AAAAAAAAOAAAAAAA,2001-01-01,,,2451079,Mid Atlantic_1,small,301919026,479010814,8AM-4PM,Charles Hinkle,5,"Associated, personal games joi",Eyes would not arise; terms shall not visit in the cells. Less ethnic cities commi,Nicolas Smith,6,cally,1,ought,406,Main ,Avenue,Suite 410,Highland,Gage County,NE,69454,United States,-6.00,0.08
16,AAAAAAAAABAAAAAA,1998-01-01,2000-01-01,,2451093,North Midwest_1,medium,323306242,752145804,8AM-4PM,Timothy Bourgeois,3,"Particular, independe",Certain chairs can stand. Principles must catch absolutely. Also full studies could,Kim Wilson,6,cally,4,ese,837,View ,Street,Suite M,Oakland,Terry County,TX,79843,United States,-6.00,0.11
17,AAAAAAAAABAAAAAA,2000-01-02,2001-12-31,,2451093,North Midwest_1,medium,347753392,752145804,8AM-4PM,Miguel Bird,3,Only basic workers may r,Certain chairs can stand. Principles must catch absolutely. Also full studies could,Charles Corbett,4,cally,4,ese,837,View ,Street,Suite M,Oakland,Terry County,TX,79843,United States,-6.00,0.00
18,AAAAAAAAABAAAAAA,2002-01-01,,,2451093,North Midwest_1,medium,347753392,752145804,8AM-4PM,Miguel Bird,3,"Written, only experience",Certain chairs can stand. Principles must catch absolutely. Also full studies could,Paul Mccarty,4,ese,6,ese,837,View ,Street,Suite M,Oakland,Terry County,TX,79843,United States,-6.00,0.00
19,AAAAAAAADBAAAAAA,1998-01-01,,,2450857,Pacific Northwest_1,medium,590849079,1592889900,8AM-4PM,Roderick Walls,6,So physical sentences might not change generally,References give dull lives. Immed,Mark Jimenez,3,pri,5,anti,860,First ,Ln,Suite 220,Greenwood,Adams County,IN,48828,United States,-5.00,0.07
20,AAAAAAAAEBAAAAAA,1998-01-01,2000-12-31,,2451128,California_1,medium,109458033,1052456306,8AM-4PM,Jason Brito,2,Efficient edges conclude slowly in a machines. Exp,Common sons occur enough. Sometimes scottish preferences may let usually other details,Earl Wolf,1,ought,4,ese,759,Sycamore ,Ct.,Suite 310,Union,Coal County,OK,78721,United States,-6.00,0.11
21,AAAAAAAAEBAAAAAA,2001-01-01,,,2451128,California_1,small,109458033,1052456306,8AM-4PM,Jason Brito,2,Efficient edges conclude slowly in a machines. Exp,"Remarkable, long years gauge so systems. Others come priv",Earl Wolf,6,ought,2,ese,759,Sycamore ,Ct.,Suite 310,Union,Coal County,OK,78721,United States,-6.00,0.09
22,AAAAAAAAGBAAAAAA,1998-01-01,2000-01-01,,2451077,Hawaii/Alaska_1,medium,910069020,-23100944,8AM-4PM,Travis Wilson,4,"Psychiatric, warm interests",Completely electrical names will s,Peter Hernandez,6,cally,3,pri,611,Center ,Pkwy,Suite W,Fairfield,Green Lake County,WI,56192,United States,-6.00,0.01
23,AAAAAAAAGBAAAAAA,2000-01-02,2001-12-31,,2451077,Hawaii/Alaska_1,small,1151468400,-678549968,8AM-4PM,Travis Wilson,4,Schools let for a customers. ,Furthermore various areas shall not gr,Peter Hernandez,2,able,3,pri,611,Center ,Pkwy,Suite W,Fairfield,Green Lake County,WI,56192,United States,-6.00,0.00
24,AAAAAAAAGBAAAAAA,2002-01-01,,,2451077,Hawaii/Alaska_1,medium,473715613,-123665332,8AM-4PM,Travis Wilson,6,Civil tories allow late,Furthermore various areas shall not gr,Kevin Damico,2,able,3,pri,611,Center ,Pkwy,Suite W,Fairfield,Green Lake County,WI,56192,United States,-6.00,0.00
25,AAAAAAAAJBAAAAAA,1998-01-01,,,2450794,NY Metro_2,large,689799270,300108698,8AM-4PM,Richard James,4,Sometimes complex thanks shall use. N,Big spaces watch thus;,John Melendez,1,ought,5,anti,954,Hill ,Ct.,Suite 240,Bethel,Abbeville County,SC,25281,United States,-5.00,0.08
26,AAAAAAAAKBAAAAAA,1998-01-01,2000-12-31,,2451103,Mid Atlantic_2,medium,59064314,-700925578,8AM-4PM,Rene Sampson,2,Successful prices ought to study particularly pro,"Dangerous, inner differences ",Gerald Ross,1,ought,1,ought,88,Hickory Sycamore,RD,Suite U,Riverview,Williamson County,TN,39003,United States,-5.00,0.07
27,AAAAAAAAKBAAAAAA,2001-01-01,,,2451103,Mid Atlantic_2,medium,59064314,2108552432,8AM-12AM,Dion Speer,2,Just british times used to design. P,Democratic developments bring at all unique,Gerald Ross,6,cally,5,anti,88,Hickory Sycamore,RD,Suite U,Riverview,Williamson County,TN,39003,United States,-5.00,0.07
28,AAAAAAAAMBAAAAAA,1998-01-01,2000-01-01,,2451102,North Midwest_2,large,657888668,1767983228,8AM-8AM,Ryan Burchett,1,"Relevant years would enable slow, new boy",More original ships ,Michael Hardy,2,able,4,ese,609,Smith ,Street,Suite 140,Buena Vista,Bronx County,NY,15752,United States,-5.00,0.01
29,AAAAAAAAMBAAAAAA,2000-01-02,2001-12-31,,2451102,North Midwest_2,medium,657888668,1767983228,8AM-12AM,David Brown,1,Yesterday new men can make moreov,More original ships ,Luis Gault,3,able,5,ese,609,Smith ,Street,Suite 140,Buena Vista,Bronx County,NY,15752,United States,-5.00,0.11
30,AAAAAAAAMBAAAAAA,2002-01-01,,,2451102,North Midwest_2,medium,657888668,1767983228,8AM-4PM,Andrew West,3,Yesterday new men can make moreov,"Aware, logical boundaries might go better to a features. F",Tom Root,6,able,6,cally,609,Smith ,Street,Suite 140,Buena Vista,Bronx County,NY,15752,United States,-5.00,0.09
31,AAAAAAAAPBAAAAAA,1998-01-01,,,2451064,Pacific Northwest_2,large,158186663,-1878300472,8AM-12AM,Shane Crews,5,Good days ask open as suitabl,Officially golden glasses would n,Joseph Rios,6,cally,3,pri,83,3rd Cedar,Drive,Suite 340,Salem,Fairfield County,SC,28048,United States,-5.00,0.03
32,AAAAAAAAACAAAAAA,1998-01-01,2000-12-31,,2451070,California_2,small,598821446,-164661968,8AM-4PM,Jason Johnson,2,English aspects ought to come in a levels; vario,"Serious, electric ch",George Weaver,5,anti,1,ought,999,Third Fourth,Road,Suite 180,Oak Hill,Sumner County,TN,37838,United States,-6.00,0.12
33,AAAAAAAAACAAAAAA,2001-01-01,,,2451070,California_2,large,957044088,-164661968,8AM-4PM,Jason Johnson,6,"Soft, persistent goods must last today i","Only black individuals fit regional concepts. Similar, british workers draw throughout new go",Justin Gagne,5,anti,1,ought,999,Third Fourth,Road,Suite 180,Oak Hill,Sumner County,TN,37838,United States,-6.00,0.12
34,AAAAAAAACCAAAAAA,1998-01-01,2000-01-01,,2451049,Hawaii/Alaska_2,large,387454180,651389576,8AM-4PM,Kendall Jones,4,"Surprised, cultural applications",Scottish goals can mention more alte,David Williams,4,ese,5,anti,666,Lakeview 10th,Ct.,Suite G,Liberty,Cocke County,TN,33451,United States,-5.00,0.11
35,AAAAAAAACCAAAAAA,2000-01-02,2001-12-31,,2451049,Hawaii/Alaska_2,large,387454180,-1417766588,8AM-4PM,Kendall Jones,4,"Japanese, low opportunities might perm","Historical, alternative appeals undertake. Ques",Maynard Jones,4,ese,5,anti,666,Lakeview 10th,Ct.,Suite G,Liberty,Cocke County,TN,33451,United States,-5.00,0.11
36,AAAAAAAACCAAAAAA,2002-01-01,,,2451049,Hawaii/Alaska_2,small,387454180,-1417766588,8AM-4PM,Kendall Jones,2,Here political cars talk me,"Historical, alternative appeals undertake. Ques",Paul Scarborough,4,ese,5,anti,666,Lakeview 10th,Ct.,Suite G,Liberty,Cocke County,TN,33451,United States,-5.00,0.11
37,AAAAAAAAFCAAAAAA,1998-01-01,,,2450844,NY Metro_3,large,349646771,525137624,8AM-4PM,Marshall Pate,3,"Strange, normal groups create thence. Positiv","Available seconds must see besides new, new influences. Black, ",Joseph Jones,2,able,2,able,925,Birch Birch,Boulevard,Suite 230,Pleasant Valley,Perry County,IL,62477,United States,-6.00,0.06
38,AAAAAAAAGCAAAAAA,1998-01-01,2000-12-31,,2451076,Mid Atlantic_3,small,671393013,471147874,8AM-4PM,Michael Morrison,3,International seats w,Ordinary skills let especially from a deaths; ce,Larry Leonard,4,ese,5,anti,835,River ,Ln,Suite C,Glenwood,Baltimore County,MD,23511,United States,-5.00,0.07
39,AAAAAAAAGCAAAAAA,2001-01-01,,,2451076,Mid Atlantic_3,large,671393013,-435819076,8AM-4PM,Michael Morrison,5,"New shops concern on the eyes. Obvious, ","Regular, central cells ought to believe both for a kids. Western, necessary fruits let just roo",Cesar Allen,4,ese,6,cally,835,River ,Ln,Suite C,Glenwood,Baltimore County,MD,23511,United States,-5.00,0.04
40,AAAAAAAAICAAAAAA,1998-01-01,2000-01-01,,2451097,North Midwest_3,large,380036228,-1916918728,8AM-4PM,Edgar Tate,6,Professional months will leave for example f,"Arms increase controversial, present so",Glenn Smith,4,ese,5,anti,38,Willow ,Way,Suite B,Shiloh,Williamson County,TN,39275,United States,-5.00,0.00
41,AAAAAAAAICAAAAAA,2000-01-02,2001-12-31,,2451097,North Midwest_3,small,380036228,-1916918728,8AM-4PM,Edgar Tate,6,Labour characters hear very alread,However certain grounds may break. Also clear trust,Glenn Smith,4,ese,5,anti,38,Willow ,Way,Suite B,Shiloh,Williamson County,TN,39275,United States,-5.00,0.00
42,AAAAAAAAICAAAAAA,2002-01-01,,,2451097,North Midwest_3,small,1130181926,1349042904,8AM-12AM,Edgar Tate,6,Labour characters hear very alread,"As new governments shall focus warm, other years; please linguistic times come to",William Larsen,4,ese,5,anti,38,Willow ,Way,Suite B,Shiloh,Williamson County,TN,39275,United States,-5.00,0.00
43,AAAAAAAALCAAAAAA,1998-01-01,,,2450910,Pacific Northwest_3,medium,474755761,1588706786,8AM-4PM,Wallace Morgan,5,"Unable, fatal names used ",Grey opportunities investigate secondly in a women; today concerned categories perform there ,Jefferson Bailey,3,pri,6,cally,677,Park ,Pkwy,Suite 270,Springfield,Salem County,NJ,09903,United States,-5.00,0.04
44,AAAAAAAAMCAAAAAA,1998-01-01,2000-12-31,,2450938,California_3,large,37786452,-503633864,8AM-4PM,Oscar Allen,6,Causes speak again d,Lucky regions could describ,Craig Cope,2,able,4,ese,100,3rd Hill,RD,Suite N,Riverside,Green Lake County,WI,59231,United States,-6.00,0.09
45,AAAAAAAAMCAAAAAA,2001-01-01,,,2450938,California_3,large,1242593907,1839786869,8AM-4PM,Oscar Allen,1,Thus judicial types satisfy so poor gardens,Anyway daily hands would resist finally electo,Craig Cope,2,able,1,ese,100,3rd Hill,RD,Suite N,Riverside,Green Lake County,WI,59231,United States,-6.00,0.09
46,AAAAAAAAOCAAAAAA,1998-01-01,2000-01-01,,2450833,Hawaii/Alaska_3,large,864271451,270496786,8AM-4PM,Wallace Soto,1,Sales should come close somewhere so,"New, surprised clothes wish high parts. Particles assess simple, ready newspapers; sil",Todd Smith,1,ought,3,pri,156,Walnut ,Wy,Suite N,Concord,Jackson County,NC,24107,United States,-5.00,0.10
47,AAAAAAAAOCAAAAAA,2000-01-02,2001-12-31,,2450833,Hawaii/Alaska_3,medium,864271451,1834101563,8AM-4PM,Warren Pratt,6,Able characters achieve more areas,"New, surprised clothes wish high parts. Particles assess simple, ready newspapers; sil",Todd Smith,1,ought,3,pri,156,Walnut ,Wy,Suite N,Concord,Jackson County,NC,24107,United States,-5.00,0.11
48,AAAAAAAAOCAAAAAA,2002-01-01,,,2450833,Hawaii/Alaska_3,large,224250379,1834101563,8AM-4PM,Warren Pratt,6,"Years make deep, other shares; political, lingu","New, surprised clothes wish high parts. Particles assess simple, ready newspapers; sil",Todd Smith,1,ought,4,ese,156,Walnut ,Wy,Suite N,Concord,Jackson County,NC,24107,United States,-5.00,0.07
49,AAAAAAAABDAAAAAA,1998-01-01,,,2451100,NY Metro_4,medium,682650759,1652975308,8AM-4PM,Robert Evans,1,Only considerable uni,"Courses may see even uncertain activities; entire, good discussions change much advanced rights. ",James Cobb,2,able,3,pri,776,Cedar 6th,Ln,Suite E,Franklin,Harper County,KS,69101,United States,-6.00,0.05
50,AAAAAAAACDAAAAAA,1998-01-01,2000-12-31,,2450963,Mid Atlantic_4,medium,1127035247,-1588516337,8AM-4PM,Justin Sanborn,1,Events should understand more systems; rate,Well military adults indicate at least. Rather sharp ports used to produce mainly solicitor,Charles Powell,2,able,5,anti,771,Main ,Circle,Suite 50,Fairfield,Contra Costa County,CA,96192,United States,-8.00,0.06
51,AAAAAAAACDAAAAAA,2001-01-01,,,2450963,Mid Atlantic_4,medium,1275612983,-2108783316,8AM-4PM,Gary Russell,6,Similar agents must not appeal well; more easy sh,"Black, aware activities will take different, clear races. All familiar co",Charles Powell,2,able,5,anti,771,Main ,Circle,Suite 50,Fairfield,Contra Costa County,CA,96192,United States,-8.00,0.06
52,AAAAAAAAEDAAAAAA,1998-01-01,2000-01-01,,2451059,North Midwest_4,large,898140474,1898172222,8AM-4PM,Jerry Owens,3,"Sure, industrial rates may not put then interest","Really green men may not judge almost modern, certain respects. Public rules ought to say at a shape",Edward Wong,2,able,5,anti,361,Lincoln ,Ct.,Suite X,Woodlawn,Gage County,NE,64098,United States,-6.00,0.05
53,AAAAAAAAEDAAAAAA,2000-01-02,2001-12-31,,2451059,North Midwest_4,large,384374949,1898172222,8AM-4PM,Javier Moten,3,Immense plants impose practices. Demands m,"Important, high chairs sleep jointly users. Old, dif",Antonio Rockwell,2,able,5,anti,361,Lincoln ,Ct.,Suite X,Woodlawn,Gage County,NE,64098,United States,-6.00,0.00
54,AAAAAAAAEDAAAAAA,2002-01-01,,,2451059,North Midwest_4,small,384374949,-2055446374,8AM-4PM,Troy Parks,3,Immense plants impose practices. Demands m,Investigations shall consult quite high rights. Areas find softly high objectives. Other children wa,Clifford Clark,5,anti,5,anti,361,Lincoln ,Ct.,Suite X,Woodlawn,Gage County,NE,64098,United States,-6.00,0.08
55,AAAAAAAAHDAAAAAA,1998-01-01,,,2450957,Pacific Northwest_4,medium,1025562043,2044891959,8AM-4PM,Rodney Benson,1,Particularly great incident,Others ought to explain social hearts. Importa,Miguel Phillips,2,able,2,able,997,Valley ,Ct.,Suite 460,Walnut Grove,Karnes County,TX,77752,United States,-6.00,0.12
56,AAAAAAAAIDAAAAAA,1998-01-01,2000-12-31,,2450961,California_4,medium,917489073,701347891,8AM-4PM,Herman Smith,6,Comments complicate earli,British programmes sweep even serious companies. High cases m,Thomas Chavez,2,able,4,ese,652,Hickory Pine,Circle,Suite T,Providence,Stillwater County,MT,66614,United States,-7.00,0.09
57,AAAAAAAAIDAAAAAA,2001-01-01,,,2450961,California_4,medium,917489073,657520180,8AM-4PM,Herman Smith,6,Comments complicate earli,More other days want. Men wo,Minh Ferguson,2,able,2,ese,652,Hickory Pine,Circle,Suite T,Providence,Stillwater County,MT,66614,United States,-7.00,0.03
58,AAAAAAAAKDAAAAAA,1998-01-01,2000-01-01,,2450818,Hawaii/Alaska_4,small,378829428,857294428,8AM-4PM,Alvin Davis,5,"Northern women learn equally global, a","Happy, little sales move perhaps very mysterious times. Now special cases star",Forest Harris,2,able,6,cally,619,Fifth ,Parkway,Suite Y,Walnut Grove,Sumner County,TN,37752,United States,-6.00,0.12
59,AAAAAAAAKDAAAAAA,2000-01-02,2001-12-31,,2450818,Hawaii/Alaska_4,medium,378829428,-567790384,8AM-8AM,John Newsome,2,Little others should relocat,"Happy, little sales move perhaps very mysterious times. Now special cases star",James Choi,1,able,6,cally,619,Fifth ,Parkway,Suite Y,Walnut Grove,Sumner County,TN,37752,United States,-6.00,0.12
60,AAAAAAAAKDAAAAAA,2002-01-01,,,2450818,Hawaii/Alaska_4,medium,378829428,436152976,8AM-4PM,John Newsome,3,Millions may not help as,"Local, original ministers might sit by the units. Popular circles",James Choi,5,anti,1,ought,619,Fifth ,Parkway,Suite Y,Walnut Grove,Sumner County,TN,37752,United States,-6.00,0.06
